"0","out_remainder
"
"1","IGRAPH 83eed24 DNW- 45 55 -- "
"1",""
"1","
"
"1","+ attr: name (v/c), weight (e/n)"
"1","
"
"1","+ edges from 83eed24 (vertex names):
"
"1",""
"1",""
"1"," [1] Y_0     ->G_1_111  Y_0     ->A_2_111  Y_0     ->C_3_111  Y_0     ->C_4_111  Y_0     ->C_5_111  Y_0     ->T_6_111  Y_0     ->G_7_111 "
"1","
"
"1"," [8] Y_0     ->G_8_111  Y_0     ->C_9_111  Y_0     ->A_10_111 G_1_111 ->G_1_112  A_2_111 ->C_2_112  C_3_111 ->G_3_112  C_4_111 ->G_4_112 "
"1","
"
"1","[15] C_5_111 ->G_112    T_6_111 ->G_6_112  G_7_111 ->G_7_112  G_8_111 ->C_8_112  C_9_111 ->T_9_112  A_10_111->G_10_112 G_1_112 ->C_1_114 "
"1","
"
"1","[22] C_2_112 ->G_2_114  G_3_112 ->C_3_114  G_4_112 ->C_114    G_6_112 ->C_6_114  G_7_112 ->T_7_114  C_8_112 ->G_8_114  T_9_112 ->C_9_114 "
"1","
"
"1","[29] G_10_112->T_10_114 G_112   ->C_11_114 C_1_114 ->A_1_116  G_2_114 ->T_2_116  C_3_114 ->G_3_116  C_6_114 ->G_6_116  T_7_114 ->C_7_116 "
"1","
"
"1","[36] G_8_114 ->G_8_116  C_9_114 ->G_9_116  T_10_114->C_10_116 C_11_114->G_11_116 C_114   ->G_12_116 T_114   ->G_14_116 C_114   ->A_15_116"
"1","
"
"1","[43] A_1_116 ->Z        T_2_116 ->Z        G_3_116 ->Z        G_6_116 ->Z        C_7_116 ->Z        G_8_116 ->Z        G_9_116 ->Z       "
"1","
"
"1","[50] C_10_116->Z        G_11_116->Z        G_12_116->Z        G_14_116->Z        A_15_116->Z        Y_0     ->T_114   "
"1","
"
"1",""
"1",""
